,,,,,,,,,,,,,,,,,,,,,,,,,,,,,,,,,,,,,,,,,,,,,,,,,
,CATEGORIES,,,,,,,,,,,,,,,,,,,,,,,,,Parametr,Value ,Coef,Price,,Parametr,Value ,Coef,Price,,Parametr,Value ,Coef,Price,,Parametr,Value ,Coef,Price,,Parametr,Value ,Coef,Price
,Light Scooters [110cc-125cc] S!,,Comfort Scooters [150cc-160cc] M!,,Maxy Scooters [300cc-350cc] B!,,SEASONS,,,,,,,,,,,,,,,,,,,click,200,,230,,aerox,300,,300,,adv160,450,,450,,pcx160,900,,,,Price,1200,,
,Honda Scoopy 110cc,,Yamaha Aerox 155cc,,Yamaha Xmax 300cc,,,HIGH,,,MIDDLE,,LOW,,,,MIDDLE,,HIGH,,,,,,,1 day,1,1,200,,1 day,1,1,300,,1 day,1,1,450,,1 day,1,1,900,,1 day,1,1,1200
,Honda Giordino 125cc,,Honda PCX 150cc,,Honda Forza 350cc,,№,1,2,3,4,5,6,7,8,9,10,11,12,,,,,,,7 day,7,"0,9937",1400,,7 day,7,"0,9047",1900,,7 day,7,"0,8888",2800,,7 day,7,"0,96",6100,,7 day,7,"0,8888",7500
,"Honda Click 125cc,",,Honda ADV 150cc,,Honda ADV 350cc,,MON,JAN,FEB,MAR,APR,MAY,JUN,JUL,AUG,SEP,OCT,NOV,DEC,,,,,,,14 days,14,"0,9316",2700,,14 days,14,"0,7857",3300,,14 days,14,"0,7777",4900,,14 days,14,"0,888",11200,,14 days,14,"0,7777",13100
,Yamaha Filano 125cc,,Yamaha Nmax 155cc,,,,,,,,,,,,,,,,,,,,,,,21 days,21,"0,8281",3500,,21 days,21,"0,6984",4400,,21 days,21,"0,7407",7000,,21 days,21,"0,777",14700,,21 days,21,"0,6666",16800
,,,Honda PCX 160cc,,Cars C!,,HIGH SEASON,,,,,MIDDLE SEASON,,,,,LOW SEASON,,,,,,,,,Month,30,"0,6376",3900,,Month,30,"0,5555",5000,,Month,30,"0,59255",8000,,Month,30,"0,69",18700,,Month,30,"0,5555",20000
,,,Honda ADV 160cc,,"Mazda, Honda, Toyota, Mitsubishi",,"DEC, JAN, FEB, MAR",,,,,"APR, MAY, OCT, NOV",,,,,"JUN, JUL, AUG, SEP",,,,,,,,,,,,,,,,,,,,,,,,,,,,,,,,
,,,,,,,,,,,,,,,,,,,,,,,,,,,,,,,,,,,,,,,,,,,,,,,,,
,,,,,,,,,,,,,,,,,,,,,,,,,,,,,,,,,,,,,,,,,,,,,,,,,
,OWN,CAT,BIKE ID,,BIKE NAME [ANDREW],price per day HIGH SEASON,,,,,price per day MIDDLE SEASON,,,,,price per day LOW SEASON,,,,,,CAT,BIKE ID,,BIKE NAME [PI CHA],price per day HIGH SEASON,,,,,price per day MIDDLE SEASON,,,,,price per day LOW SEASON,,,,,,,,,,,,,
,,,,,,1 day,7 days,14 days,21 days,MONTH,1 day,7 days,14 days,21 days,MONTH,1 day,7 days,14 days,21 days,MONTH,,,,,,1 day,7 days,14 days,21 days,MONTH,1 day,7 days,14 days,21 days,MONTH,1 day,7 days,14 days,21 days,MONTH,,,,,,,,,
,ANDREW SCOOTERS [A] HIGH PRIORITY,S!,click-blue-125-2019-A,✔," Click 125cc, Blue, 2019",230,1 600,3 000,4 000,4 400,230,1 400,2 600,3 400,3 900,200,1 200,2 250,3 000,3 500,,S!,click-black-125-2023-PiC,✔,"Click 125cc, Black, 2023",250,1 800,3 000,4 000,4 500,250,1 600,2 400,3 200,4 000,220,1 400,2 400,3 000,3 800,,,,,,,,,
,,S!,scoopy-red-110-2026-A,✔,"Scoopy 110cc, Red, 2026",300,1 900,3 300,4 400,5 000,250,1 600,3 000,4 200,4 500,250,1 300,2 400,3 500,4 000,,S!,click-white-125-2023-PiC,✔,"Click 125cc, White, 2023",250,1 800,3 000,4 000,4 500,250,1 600,2 400,3 200,4 000,220,1 400,2 400,3 000,3 800,,,,,,,,,
,,S!,,✔,,,,,,,,,,,,,,,,,,S!,,✔,,,,,,,,,,,,,,,,,,,,,,,,,
,,M!,aerox-green-155-2018-A,✔," Aerox 155cc, ABS, Green, 2018",300,1 900,3 300,4 400,5 000,250,1 600,3 000,4 200,4 500,250,1 300,2 400,3 500,4 000,,M!,pcx-black-160-2021-PiC,✔,"PCX 160cc, ABS, Black, 2021",350,2 100,4 100,6 000,6 900,330,2 000,3 700,5 200,6 000,300,1 800,3 300,4 800,5 700,,,,,,,,,
,,M!,pcx-silver-150-2018-A,✔," PCX 150cc, Silver, 2018",330,2 100,3 800,5 050,6 000,300,1 750,2 800,4 600,5 250,250,1 400,2 500,3 900,4 500,,M!,pcx-red-160-2023-PiC,✔,"PCX 160cc, ABS, Red, 2023",370,2 400,4 400,6 700,7 500,350,2 200,4 200,5 600,6 500,330,2 000,3 600,4 900,5 700,,,,,,,,,
,,M!,pcx-blue-150-2019-A,✔," PCX 150cc, Blue, 2019",330,2 100,3 800,5 050,6 000,300,1 750,2 800,4 600,5 250,250,1 400,2 500,3 900,4 500,,M!,adv-red-160-2024-PiC,✔,"ADV 160cc, ABS, Red, 2024",450,2 800,4 900,6 900,8 000,370,2 500,4 800,6 100,7 000,350,2 400,4 000,5 600,6 500,,,,,,,,,
,,M!,pcx-black-150-2018-A,✔," PCX 150cc, Black, 2018",330,2 100,3 800,5 050,6 000,300,1 750,2 800,4 600,5 250,250,1 400,2 500,3 900,4 500,,M!,,✔,,,,,,,,,,,,,,,,,,,,,,,,,
,,M!,adv-black-150-2022-A,✔," ADV 150cc, ABS, Black, 2022",350,2 100,4 100,6 000,6 900,330,1 900,3 600,5 100,5 900,300,1 700,3 100,4 500,5 200,,M!,,✔,,,,,,,,,,,,,,,,,,,,,,,,,
,,M!,nmax-blue-155-2022-A,✔," N-Max 155cc, ABS, Blue, 2022",350,2 200,4 200,6 000,7 000,330,2 000,3 700,5 200,6 000,300,1 800,3 300,4 800,5 500,,M!,,✔,,,,,,,,,,,,,,,,,,,,,,,,,
,,M!,nmax-black-155-2022-A,✔," N-Max 155cc, ABS, Black, 2022",350,2 200,4 200,6 000,7 000,330,2 000,3 700,5 200,6 000,300,1 800,3 300,4 800,5 500,,M!,,✔,,,,,,,,,,,,,,,,,,,,,,,,,
,,M!,pcx-white-160-2022-A,✔," PCX 160cc, White, 2022",350,2 200,4 200,6 000,7 000,330,2 000,3 700,5 200,6 000,300,1 800,3 300,4 800,5 500,,M!,,✔,,,,,,,,,,,,,,,,,,,,,,,,,
,,M!,pcx-black-160-2022-A,✔," PCX 160cc, ABS, Black, 2022",350,2 200,4 200,6 000,7 000,330,2 000,3 700,5 200,6 000,300,1 800,3 300,4 800,5 500,,M!,,✔,,,,,,,,,,,,,,,,,,,,,,,,,
,,M!,pcx-black-160-2023-A,✔," PCX 160cc, ABS, Black, 2023",370,2 400,4 400,6 300,7 500,350,2 200,4 200,5 600,6 500,330,2 000,3 600,4 900,5 700,,M!,,✔,,,,,,,,,,,,,,,,,,,,,,,,,
,,M!,adv-black-160-2023-A,✔," ADV 160cc, ABS, Black, 2023",370,2 400,4 400,6 300,7 500,350,2 200,4 200,5 600,6 500,330,2 000,3 600,4 900,5 700,,M!,,✔,,,,,,,,,,,,,,,,,,,,,,,,,
,,M!,pcx-blue-160-2024-A,✔," PCX 160cc, ABS, Blue, 2024",370,2 500,4 800,6 800,7 900,370,2 400,4 500,6 000,6 900,330,2 200,3 800,5 500,6 300,,M!,,✔,,,,,,,,,,,,,,,,,,,,,,,,,
,,M!,adv-red-160-2024-A,✔," ADV 160cc, ABS, Red, 2024",450,2 800,4 900,6 900,8 000,370,2 500,4 800,6 100,7 000,350,2 400,4 000,5 600,6 500,,M!,,✔,,,,,,,,,,,,,,,,,,,,,,,,,
,,M!,,✔,,,,,,,,,,,,,,,,,,M!,,✔,,,,,,,,,,,,,,,,,,,,,,,,,
,,B!,forza-black-350-2023-A,✔," Forza 350cc, ABS, Black, 2023",850,5 500,10 000,14 500,16 500,750,5 250,9 000,13 000,15 000,700,4 900,8 000,11 500,13 500,,B!,,✔,,,,,,,,,,,,,,,,,,,,,,,,,
,,B!,xmax-black-300-2024-A,✔," Xmax 300cc, ABS, Black, 2024",900,6 000,11 200,15 500,18 000,800,5 600,10 000,14 400,16 500,750,5 000,9 000,12 000,14 000,,B!,,✔,,,,,,,,,,,,,,,,,,,,,,,,,
,,B!,adv-black-350-2025-A,✔,"ADV 350cc, ABS, Black, 2025",1 000,6 700,12 500,16 400,19 500,900,6 300,11 900,15 600,18 000,800,5 000,9 000,14 000,16 500,,B!,,✔,,,,,,,,,,,,,,,,,,,,,,,,,
,,B!,,✔,,,,,,,,,,,,,,,,,,B!,,✔,,,,,,,,,,,,,,,,,,,,,,,,,
,,C!,mazda-2-black-1300-2020-A,✔,"Mazda 2, 1.3, Black, 2020",1 200,8 000,14 500,18 900,24 000,1 000,7 000,12 600,16 800,20 000,1 000,6 000,10 000,15 000,17 000,,C!,,✔,"Toyota Corolla 1.6, Silver, 2012",900,5 000,9 500,14 000,16 000,800,4 800,8 500,12 000,14 000,700,4 500,7 500,10 500,12 500,,,,,,,,,
,,C!,honda-hrv-1800-2020-A,✔,"Honda HR-V, 1.8, Red, 2020",1 800,10 000,15 600,21 600,27 000,1 700,8 000,13 500,18 800,24 000,1 400,7 000,12 000,16 500,21 500,,C!,,✔,"Mitsubishi Xpander 1.5, Silver, 2021",1 500,8 000,14 000,20 000,24 000,1 200,7 500,12 500,18 000,22 000,1 100,6 500,12 000,16 000,20 000,,,,,,,,,
,,C!,honda-hrv-1500-ev-2023-A,✔,"Honda HR-V, 1.5, Red, 2023",2 200,13 500,22 000,31 000,40 000,2 000,10 500,19 200,27 000,37 000,1 700,9 000,16 500,23 500,31 000,,C!,,✔,,,,,,,,,,,,,,,,,,,,,,,,,
,,,,,,,,,,,,,,,,,,,,,,,,,,,,,,,,,,,,,,,,,,,,,,,,,
,,,,,BIKE NAME,price per day HIGH SEASON,,,,,price per day MIDDLE SEASON,,,,,price per day LOW SEASON,,,,,,,,,BIKE NAME [PI CHA],price per day HIGH SEASON,,,,,price per day MIDDLE SEASON,,,,,price per day LOW SEASON,,,,,,,,,,,,,
,,,,,,1 day,7 days,14 days,21 days,MONTH,1 day,7 days,14 days,21 days,MONTH,1 day,7 days,14 days,21 days,MONTH,,,,,,1 day,7 days,14 days,21 days,MONTH,1 day,7 days,14 days,21 days,MONTH,1 day,7 days,14 days,21 days,MONTH,,,,,,,,,
,,,,✔," Click 125cc, Blue, 2019",230,229,215,191,147,230,200,186,162,130,200,172,161,143,117,,,,✔,"Click 125cc, Black, 2023",250,258,215,191,150,250,229,172,153,134,220,200,172,143,127,,,,,,,,,
,,,,✔,"Scoopy 110cc, Red, 2026",300,272,236,210,167,250,229,215,200,150,250,186,172,167,134,,,,✔,"Click 125cc, White, 2023",250,258,215,191,150,250,229,172,153,134,220,200,172,143,127,,,,,,,,,
,,,,✔,,,,,,,,,,,,,,,,,,,,✔,,0,0,0,0,0,0,0,0,0,0,0,0,0,0,0,,,,,,,,,
,,,,✔," Aerox 155cc, ABS, Green, 2018",300,272,236,210,167,250,229,215,200,150,250,186,172,167,134,,,,✔,"PCX 160cc, ABS, Black, 2021",350,300,293,286,230,330,286,265,248,200,300,258,236,229,190,,,,,,,,,
,,,,✔," PCX 150cc, Silver, 2018",330,300,272,241,200,300,250,200,220,175,250,200,179,186,150,,,,✔,"PCX 160cc, ABS, Red, 2023",370,343,315,320,250,350,315,300,267,217,330,286,258,234,190,,,,,,,,,
,,,,✔," PCX 150cc, Blue, 2019",330,300,272,241,200,300,250,200,220,175,250,200,179,186,150,,,,✔,"ADV 160cc, ABS, Red, 2024",450,400,350,329,267,370,358,343,291,234,350,343,286,267,217,,,,,,,,,
,,,,✔," PCX 150cc, Black, 2018",330,300,272,241,200,300,250,200,220,175,250,200,179,186,150,,,,✔,,,,,,,,,,,,,,,,,,,,,,,,,
,,,,✔," ADV 150cc, ABS, Black, 2022",350,300,293,286,230,330,272,258,243,197,300,243,222,215,174,,,,✔,,,,,,,,,,,,,,,,,,,,,,,,,
,,,,✔," N-Max 155cc, ABS, Blue, 2022",350,315,300,286,234,330,286,265,248,200,300,258,236,229,184,,,,✔,,,,,,,,,,,,,,,,,,,,,,,,,
,,,,✔," N-Max 155cc, ABS, Black, 2022",350,315,300,286,234,330,286,265,248,200,300,258,236,229,184,,,,✔,,,,,,,,,,,,,,,,,,,,,,,,,
,,,,✔," PCX 160cc, White, 2022",350,315,300,286,234,330,286,265,248,200,300,258,236,229,184,,,,✔,,,,,,,,,,,,,,,,,,,,,,,,,
,,,,✔," PCX 160cc, ABS, Black, 2022",350,315,300,286,234,330,286,265,248,200,300,258,236,229,184,,,,✔,,,,,,,,,,,,,,,,,,,,,,,,,
,,,,✔," PCX 160cc, ABS, Black, 2023",370,343,315,300,250,350,315,300,267,217,330,286,258,234,190,,,,✔,,,,,,,,,,,,,,,,,,,,,,,,,
,,,,✔," ADV 160cc, ABS, Black, 2023",370,343,315,300,250,350,315,300,267,217,330,286,258,234,190,,,,✔,,,,,,,,,,,,,,,,,,,,,,,,,
,,,,✔," PCX 160cc, ABS, Blue, 2024",370,358,343,324,264,370,343,322,286,230,330,315,272,262,210,,,,✔,,,,,,,,,,,,,,,,,,,,,,,,,
,,,,✔," ADV 160cc, ABS, Red, 2024",450,400,350,329,267,370,358,343,291,234,350,343,286,267,217,,,,✔,,,,,,,,,,,,,,,,,,,,,,,,,
,,,,✔,,,,,,,,,,,,,,,,,,,,✔,,,,,,,,,,,,,,,,,,,,,,,,,
,,,,✔," Forza 350cc, ABS, Black, 2023",850,786,715,691,550,750,750,643,620,500,700,700,572,548,450,,,,✔,,,,,,,,,,,,,,,,,,,,,,,,,
,,,,✔," Xmax 300cc, ABS, Black, 2024",900,858,800,739,600,800,800,715,686,550,750,715,643,572,467,,,,✔,,,,,,,,,,,,,,,,,,,,,,,,,
,,,,✔,"ADV 350cc, ABS, Black, 2025",1 000,958,893,781,650,900,900,850,743,600,800,715,643,667,550,,,,✔,,,,,,,,,,,,,,,,,,,,,,,,,
,,,,✔,,,,,,,,,,,,,,,,,,,,✔,,,,,,,,,,,,,,,,,,,,,,,,,
,,,,✔,"Mazda 2, 1.3, Black, 2020",1 200,1 143,1 036,900,800,1 000,1 000,900,800,667,1 000,858,715,715,567,,,,✔,"Toyota Corolla 1.6, Silver, 2012",900,715,679,667,534,800,686,608,572,467,700,643,536,500,417,,,,,,,,,
,,,,✔,"Honda HR-V, 1.8, Red, 2020",1 800,1 429,1 115,1 029,900,1 700,1 143,965,896,800,1 400,1 000,858,786,717,,,,✔,"Mitsubishi Xpander 1.5, Silver, 2021",1 500,1 143,1 000,953,800,1 200,1 072,893,858,734,1 100,929,858,762,667,,,,,,,,,
,,,,✔,"Honda HR-V, 1.5, Red, 2023",2 200,1 929,1 572,1 477,1 334,2 000,1 500,1 372,1 286,1 234,1 700,1 286,1 179,1 120,1 034,,,,✔,,,,,,,,,,,,,,,,,,,,,,,,,